{
  "MSE": 0.809004,
  "R2": 0.191704
}